{"assets/fonts/Poppins-Bold.ttf":["assets/fonts/Poppins-Bold.ttf"],"assets/fonts/Poppins-Medium.ttf":["assets/fonts/Poppins-Medium.ttf"],"assets/fonts/Poppins-Regular.ttf":["assets/fonts/Poppins-Regular.ttf"],"assets/fonts/Poppins-SemiBold.ttf":["assets/fonts/Poppins-SemiBold.ttf"],"assets/icons/home.svg":["assets/icons/home.svg"],"assets/icons/notification_icon.png":["assets/icons/notification_icon.png"],"assets/icons/notification_icon.svg":["assets/icons/notification_icon.svg"],"assets/images/logo.png":["assets/images/logo.png"],"assets/images/logo1.png":["assets/images/logo1.png"],"assets/sounds/priority-beep.mp3":["assets/sounds/priority-beep.mp3"],"packages/font_awesome_flutter/lib/fonts/Font Awesome 7 Brands-Regular-400.otf":["packages/font_awesome_flutter/lib/fonts/Font Awesome 7 Brands-Regular-400.otf"],"packages/font_awesome_flutter/lib/fonts/Font Awesome 7 Free-Regular-400.otf":["packages/font_awesome_flutter/lib/fonts/Font Awesome 7 Free-Regular-400.otf"],"packages/font_awesome_flutter/lib/fonts/Font Awesome 7 Free-Solid-900.otf":["packages/font_awesome_flutter/lib/fonts/Font Awesome 7 Free-Solid-900.otf"],"packages/material_symbols_icons/lib/fonts/MaterialSymbolsOutlined.ttf":["packages/material_symbols_icons/lib/fonts/MaterialSymbolsOutlined.ttf"],"packages/material_symbols_icons/lib/fonts/MaterialSymbolsRounded.ttf":["packages/material_symbols_icons/lib/fonts/MaterialSymbolsRounded.ttf"],"packages/material_symbols_icons/lib/fonts/MaterialSymbolsSharp.ttf":["packages/material_symbols_icons/lib/fonts/MaterialSymbolsSharp.ttf"],"packages/syncfusion_flutter_pdfviewer/assets/fonts/RobotoMono-Regular.ttf":["packages/syncfusion_flutter_pdfviewer/assets/fonts/RobotoMono-Regular.ttf"],"packages/syncfusion_flutter_pdfviewer/assets/icons/dark/highlight.png":["packages/syncfusion_flutter_pdfviewer/assets/icons/dark/highlight.png"],"packages/syncfusion_flutter_pdfviewer/assets/icons/dark/squiggly.png":["packages/syncfusion_flutter_pdfviewer/assets/icons/dark/squiggly.png"],"packages/syncfusion_flutter_pdfviewer/assets/icons/dark/strikethrough.png":["packages/syncfusion_flutter_pdfviewer/assets/icons/dark/strikethrough.png"],"packages/syncfusion_flutter_pdfviewer/assets/icons/dark/underline.png":["packages/syncfusion_flutter_pdfviewer/assets/icons/dark/underline.png"],"packages/syncfusion_flutter_pdfviewer/assets/icons/light/highlight.png":["packages/syncfusion_flutter_pdfviewer/assets/icons/light/highlight.png"],"packages/syncfusion_flutter_pdfviewer/assets/icons/light/squiggly.png":["packages/syncfusion_flutter_pdfviewer/assets/icons/light/squiggly.png"],"packages/syncfusion_flutter_pdfviewer/assets/icons/light/strikethrough.png":["packages/syncfusion_flutter_pdfviewer/assets/icons/light/strikethrough.png"],"packages/syncfusion_flutter_pdfviewer/assets/icons/light/underline.png":["packages/syncfusion_flutter_pdfviewer/assets/icons/light/underline.png"]}