[{"family":"MaterialIcons","fonts":[{"asset":"fonts/MaterialIcons-Regular.otf"}]},{"family":"Poppins","fonts":[{"asset":"assets/fonts/Poppins-Regular.ttf"},{"weight":500,"asset":"assets/fonts/Poppins-Medium.ttf"},{"weight":600,"asset":"assets/fonts/Poppins-SemiBold.ttf"},{"weight":700,"asset":"assets/fonts/Poppins-Bold.ttf"}]},{"family":"packages/syncfusion_flutter_pdfviewer/RobotoMono","fonts":[{"asset":"packages/syncfusion_flutter_pdfviewer/assets/fonts/RobotoMono-Regular.ttf"}]},{"family":"packages/material_symbols_icons/MaterialSymbolsOutlined","fonts":[{"asset":"packages/material_symbols_icons/lib/fonts/MaterialSymbolsOutlined.ttf"}]},{"family":"packages/material_symbols_icons/MaterialSymbolsRounded","fonts":[{"asset":"packages/material_symbols_icons/lib/fonts/MaterialSymbolsRounded.ttf"}]},{"family":"packages/material_symbols_icons/MaterialSymbolsSharp","fonts":[{"asset":"packages/material_symbols_icons/lib/fonts/MaterialSymbolsSharp.ttf"}]},{"family":"packages/font_awesome_flutter/FontAwesomeBrands","fonts":[{"weight":400,"asset":"packages/font_awesome_flutter/lib/fonts/Font%20Awesome%207%20Brands-Regular-400.otf"}]},{"family":"packages/font_awesome_flutter/FontAwesomeRegular","fonts":[{"weight":400,"asset":"packages/font_awesome_flutter/lib/fonts/Font%20Awesome%207%20Free-Regular-400.otf"}]},{"family":"packages/font_awesome_flutter/FontAwesomeSolid","fonts":[{"weight":900,"asset":"packages/font_awesome_flutter/lib/fonts/Font%20Awesome%207%20Free-Solid-900.otf"}]}]